unit	layer	module	package	files	state	commit	paths
L1-api-api-01	1	aether-weaver-api	de.splatgames.aether.weaver.api	9	done	cbe6115	aether-weaver-api/src/main/java/de/splatgames/aether/weaver/api/Accessor.java;aether-weaver-api/src/main/java/de/splatgames/aether/weaver/api/At.java;aether-weaver-api/src/main/java/de/splatgames/aether/weaver/api/Group.java;aether-weaver-api/src/main/java/de/splatgames/aether/weaver/api/Inject.java;aether-weaver-api/src/main/java/de/splatgames/aether/weaver/api/Invoker.java;aether-weaver-api/src/main/java/de/splatgames/aether/weaver/api/Local.java;aether-weaver-api/src/main/java/de/splatgames/aether/weaver/api/Phase.java;aether-weaver-api/src/main/java/de/splatgames/aether/weaver/api/Point.java;aether-weaver-api/src/main/java/de/splatgames/aether/weaver/api/Redirect.java
L1-api-api-02	1	aether-weaver-api	de.splatgames.aether.weaver.api	9	done	6779ad0	aether-weaver-api/src/main/java/de/splatgames/aether/weaver/api/Require.java;aether-weaver-api/src/main/java/de/splatgames/aether/weaver/api/Result.java;aether-weaver-api/src/main/java/de/splatgames/aether/weaver/api/Shadow.java;aether-weaver-api/src/main/java/de/splatgames/aether/weaver/api/Slice.java;aether-weaver-api/src/main/java/de/splatgames/aether/weaver/api/Unique.java;aether-weaver-api/src/main/java/de/splatgames/aether/weaver/api/Weave.java;aether-weaver-api/src/main/java/de/splatgames/aether/weaver/api/Woven.java;aether-weaver-api/src/main/java/de/splatgames/aether/weaver/api/WovenInfo.java;aether-weaver-api/src/main/java/de/splatgames/aether/weaver/api/Wrap.java
L1-api-api-callback-01	1	aether-weaver-api	de.splatgames.aether.weaver.api.callback	7	done	c24d348	aether-weaver-api/src/main/java/de/splatgames/aether/weaver/api/callback/Callback.java;aether-weaver-api/src/main/java/de/splatgames/aether/weaver/api/callback/CallbackSupport.java;aether-weaver-api/src/main/java/de/splatgames/aether/weaver/api/callback/LocalBooleanRef.java;aether-weaver-api/src/main/java/de/splatgames/aether/weaver/api/callback/LocalByteRef.java;aether-weaver-api/src/main/java/de/splatgames/aether/weaver/api/callback/LocalCharRef.java;aether-weaver-api/src/main/java/de/splatgames/aether/weaver/api/callback/LocalDoubleRef.java;aether-weaver-api/src/main/java/de/splatgames/aether/weaver/api/callback/LocalFloatRef.java
L1-api-api-callback-02	1	aether-weaver-api	de.splatgames.aether.weaver.api.callback	7	done	4256009	aether-weaver-api/src/main/java/de/splatgames/aether/weaver/api/callback/LocalIntRef.java;aether-weaver-api/src/main/java/de/splatgames/aether/weaver/api/callback/LocalLongRef.java;aether-weaver-api/src/main/java/de/splatgames/aether/weaver/api/callback/LocalRef.java;aether-weaver-api/src/main/java/de/splatgames/aether/weaver/api/callback/LocalShortRef.java;aether-weaver-api/src/main/java/de/splatgames/aether/weaver/api/callback/Operation.java;aether-weaver-api/src/main/java/de/splatgames/aether/weaver/api/callback/OperationSupport.java;aether-weaver-api/src/main/java/de/splatgames/aether/weaver/api/callback/ReturnableCallback.java
L1-api-api-diagnostic+1	1	aether-weaver-api	de.splatgames.aether.weaver.api.diagnostic; de.splatgames.aether.weaver.api.experimental	11	done	c2a1f36	aether-weaver-api/src/main/java/de/splatgames/aether/weaver/api/diagnostic/Diagnostic.java;aether-weaver-api/src/main/java/de/splatgames/aether/weaver/api/diagnostic/DiagnosticCode.java;aether-weaver-api/src/main/java/de/splatgames/aether/weaver/api/diagnostic/DiagnosticId.java;aether-weaver-api/src/main/java/de/splatgames/aether/weaver/api/diagnostic/Location.java;aether-weaver-api/src/main/java/de/splatgames/aether/weaver/api/diagnostic/PluginDiagnosticId.java;aether-weaver-api/src/main/java/de/splatgames/aether/weaver/api/diagnostic/Severity.java;aether-weaver-api/src/main/java/de/splatgames/aether/weaver/api/diagnostic/WeaveException.java;aether-weaver-api/src/main/java/de/splatgames/aether/weaver/api/experimental/Extension.java;aether-weaver-api/src/main/java/de/splatgames/aether/weaver/api/experimental/Nulls.java;aether-weaver-api/src/main/java/de/splatgames/aether/weaver/api/experimental/Receiver.java;aether-weaver-api/src/main/java/de/splatgames/aether/weaver/api/experimental/Scope.java
L1-api-api-manifest	1	aether-weaver-api	de.splatgames.aether.weaver.api.manifest	4	done	d1dbfba	aether-weaver-api/src/main/java/de/splatgames/aether/weaver/api/manifest/Json.java;aether-weaver-api/src/main/java/de/splatgames/aether/weaver/api/manifest/ManifestReader.java;aether-weaver-api/src/main/java/de/splatgames/aether/weaver/api/manifest/ManifestWriter.java;aether-weaver-api/src/main/java/de/splatgames/aether/weaver/api/manifest/WeaveManifest.java
L1-api-api-model	1	aether-weaver-api	de.splatgames.aether.weaver.api.model	9	done	1f4dcd5	aether-weaver-api/src/main/java/de/splatgames/aether/weaver/api/model/GroupSpec.java;aether-weaver-api/src/main/java/de/splatgames/aether/weaver/api/model/HandlerRef.java;aether-weaver-api/src/main/java/de/splatgames/aether/weaver/api/model/InjectorKind.java;aether-weaver-api/src/main/java/de/splatgames/aether/weaver/api/model/InjectorSpec.java;aether-weaver-api/src/main/java/de/splatgames/aether/weaver/api/model/LocalSpec.java;aether-weaver-api/src/main/java/de/splatgames/aether/weaver/api/model/Origin.java;aether-weaver-api/src/main/java/de/splatgames/aether/weaver/api/model/PointSpec.java;aether-weaver-api/src/main/java/de/splatgames/aether/weaver/api/model/SliceSpec.java;aether-weaver-api/src/main/java/de/splatgames/aether/weaver/api/model/WeaveCandidate.java
L1-api-api-select	1	aether-weaver-api	de.splatgames.aether.weaver.api.select	9	done	3e2e869	aether-weaver-api/src/main/java/de/splatgames/aether/weaver/api/select/ConstantSelector.java;aether-weaver-api/src/main/java/de/splatgames/aether/weaver/api/select/FieldSelector.java;aether-weaver-api/src/main/java/de/splatgames/aether/weaver/api/select/MemberKind.java;aether-weaver-api/src/main/java/de/splatgames/aether/weaver/api/select/MemberSelector.java;aether-weaver-api/src/main/java/de/splatgames/aether/weaver/api/select/MethodSelector.java;aether-weaver-api/src/main/java/de/splatgames/aether/weaver/api/select/SelectorParser.java;aether-weaver-api/src/main/java/de/splatgames/aether/weaver/api/select/SelectorRendering.java;aether-weaver-api/src/main/java/de/splatgames/aether/weaver/api/select/SelectorSyntaxException.java;aether-weaver-api/src/main/java/de/splatgames/aether/weaver/api/select/TypePattern.java
L1-api-api-spi-01	1	aether-weaver-api	de.splatgames.aether.weaver.api.spi	10	done	7295ddb	aether-weaver-api/src/main/java/de/splatgames/aether/weaver/api/spi/Alias.java;aether-weaver-api/src/main/java/de/splatgames/aether/weaver/api/spi/ClassSource.java;aether-weaver-api/src/main/java/de/splatgames/aether/weaver/api/spi/CodeView.java;aether-weaver-api/src/main/java/de/splatgames/aether/weaver/api/spi/ConfigView.java;aether-weaver-api/src/main/java/de/splatgames/aether/weaver/api/spi/DiagnosticListener.java;aether-weaver-api/src/main/java/de/splatgames/aether/weaver/api/spi/DiscoveryContext.java;aether-weaver-api/src/main/java/de/splatgames/aether/weaver/api/spi/HandlerBinding.java;aether-weaver-api/src/main/java/de/splatgames/aether/weaver/api/spi/InjectionContext.java;aether-weaver-api/src/main/java/de/splatgames/aether/weaver/api/spi/InjectionPoint.java;aether-weaver-api/src/main/java/de/splatgames/aether/weaver/api/spi/InjectionPointFactory.java
L1-api-api-spi-02	1	aether-weaver-api	de.splatgames.aether.weaver.api.spi	9	done	3fa59c2	aether-weaver-api/src/main/java/de/splatgames/aether/weaver/api/spi/Injector.java;aether-weaver-api/src/main/java/de/splatgames/aether/weaver/api/spi/InjectorFactory.java;aether-weaver-api/src/main/java/de/splatgames/aether/weaver/api/spi/MethodView.java;aether-weaver-api/src/main/java/de/splatgames/aether/weaver/api/spi/PlanEntryView.java;aether-weaver-api/src/main/java/de/splatgames/aether/weaver/api/spi/PlanView.java;aether-weaver-api/src/main/java/de/splatgames/aether/weaver/api/spi/PluginContext.java;aether-weaver-api/src/main/java/de/splatgames/aether/weaver/api/spi/PluginEvent.java;aether-weaver-api/src/main/java/de/splatgames/aether/weaver/api/spi/PluginId.java;aether-weaver-api/src/main/java/de/splatgames/aether/weaver/api/spi/Reporter.java
L1-api-api-spi-03	1	aether-weaver-api	de.splatgames.aether.weaver.api.spi	9	done	1713690	aether-weaver-api/src/main/java/de/splatgames/aether/weaver/api/spi/SelectorResolver.java;aether-weaver-api/src/main/java/de/splatgames/aether/weaver/api/spi/Site.java;aether-weaver-api/src/main/java/de/splatgames/aether/weaver/api/spi/StatisticsView.java;aether-weaver-api/src/main/java/de/splatgames/aether/weaver/api/spi/TargetView.java;aether-weaver-api/src/main/java/de/splatgames/aether/weaver/api/spi/WeavePolicy.java;aether-weaver-api/src/main/java/de/splatgames/aether/weaver/api/spi/WeaveSource.java;aether-weaver-api/src/main/java/de/splatgames/aether/weaver/api/spi/WeaveTarget.java;aether-weaver-api/src/main/java/de/splatgames/aether/weaver/api/spi/WeaverApi.java;aether-weaver-api/src/main/java/de/splatgames/aether/weaver/api/spi/WeaverPlugin.java
L2-engine-engine+3	2	aether-weaver-engine	de.splatgames.aether.weaver.engine; de.splatgames.aether.weaver.engine.dump; de.splatgames.aether.weaver.engine.explain; de.splatgames.aether.weaver.engine.extension	12	done	54b6946	aether-weaver-engine/src/main/java/de/splatgames/aether/weaver/engine/Weaver.java;aether-weaver-engine/src/main/java/de/splatgames/aether/weaver/engine/WeaverBuilder.java;aether-weaver-engine/src/main/java/de/splatgames/aether/weaver/engine/dump/ClassDump.java;aether-weaver-engine/src/main/java/de/splatgames/aether/weaver/engine/dump/Disassembly.java;aether-weaver-engine/src/main/java/de/splatgames/aether/weaver/engine/dump/TextDiff.java;aether-weaver-engine/src/main/java/de/splatgames/aether/weaver/engine/explain/ExplainReport.java;aether-weaver-engine/src/main/java/de/splatgames/aether/weaver/engine/explain/Resolution.java;aether-weaver-engine/src/main/java/de/splatgames/aether/weaver/engine/explain/SiteObserver.java;aether-weaver-engine/src/main/java/de/splatgames/aether/weaver/engine/extension/ExtensionCalls.java;aether-weaver-engine/src/main/java/de/splatgames/aether/weaver/engine/extension/ExtensionGuards.java;aether-weaver-engine/src/main/java/de/splatgames/aether/weaver/engine/extension/ExtensionIndex.java;aether-weaver-engine/src/main/java/de/splatgames/aether/weaver/engine/extension/ExtensionStubs.java
L2-engine-engine-inject-01	2	aether-weaver-engine	de.splatgames.aether.weaver.engine.inject	7	done	4fc1972	aether-weaver-engine/src/main/java/de/splatgames/aether/weaver/engine/inject/Assignability.java;aether-weaver-engine/src/main/java/de/splatgames/aether/weaver/engine/inject/CallbackEmission.java;aether-weaver-engine/src/main/java/de/splatgames/aether/weaver/engine/inject/CorePlugin.java;aether-weaver-engine/src/main/java/de/splatgames/aether/weaver/engine/inject/DelegationChains.java;aether-weaver-engine/src/main/java/de/splatgames/aether/weaver/engine/inject/InjectInjector.java;aether-weaver-engine/src/main/java/de/splatgames/aether/weaver/engine/inject/LocalCaptures.java;aether-weaver-engine/src/main/java/de/splatgames/aether/weaver/engine/inject/LocalRefs.java
L2-engine-engine-inject-02	2	aether-weaver-engine	de.splatgames.aether.weaver.engine.inject	7	done	12043ec	aether-weaver-engine/src/main/java/de/splatgames/aether/weaver/engine/inject/MatchAccounting.java;aether-weaver-engine/src/main/java/de/splatgames/aether/weaver/engine/inject/ProtectedRanges.java;aether-weaver-engine/src/main/java/de/splatgames/aether/weaver/engine/inject/RedirectInjector.java;aether-weaver-engine/src/main/java/de/splatgames/aether/weaver/engine/inject/RedirectShapes.java;aether-weaver-engine/src/main/java/de/splatgames/aether/weaver/engine/inject/RedirectedOperation.java;aether-weaver-engine/src/main/java/de/splatgames/aether/weaver/engine/inject/WeavingPipeline.java;aether-weaver-engine/src/main/java/de/splatgames/aether/weaver/engine/inject/WrapInjector.java
L2-engine-engine-merge+1	2	aether-weaver-engine	de.splatgames.aether.weaver.engine.merge; de.splatgames.aether.weaver.engine.model	9	done	4c70a49	aether-weaver-engine/src/main/java/de/splatgames/aether/weaver/engine/merge/GeneratedMembers.java;aether-weaver-engine/src/main/java/de/splatgames/aether/weaver/engine/merge/MemberBindings.java;aether-weaver-engine/src/main/java/de/splatgames/aether/weaver/engine/merge/MergedBodyTransform.java;aether-weaver-engine/src/main/java/de/splatgames/aether/weaver/engine/merge/StructuralWeaver.java;aether-weaver-engine/src/main/java/de/splatgames/aether/weaver/engine/merge/TargetMembers.java;aether-weaver-engine/src/main/java/de/splatgames/aether/weaver/engine/merge/WeaveBytes.java;aether-weaver-engine/src/main/java/de/splatgames/aether/weaver/engine/model/TargetRef.java;aether-weaver-engine/src/main/java/de/splatgames/aether/weaver/engine/model/WeaveClass.java;aether-weaver-engine/src/main/java/de/splatgames/aether/weaver/engine/model/WeaveMember.java
L2-engine-engine-observe+1	2	aether-weaver-engine	de.splatgames.aether.weaver.engine.observe; de.splatgames.aether.weaver.engine.parse	7	done	0c892a3	aether-weaver-engine/src/main/java/de/splatgames/aether/weaver/engine/observe/ClassWovenEvent.java;aether-weaver-engine/src/main/java/de/splatgames/aether/weaver/engine/observe/JfrWeaveEvents.java;aether-weaver-engine/src/main/java/de/splatgames/aether/weaver/engine/observe/Statistics.java;aether-weaver-engine/src/main/java/de/splatgames/aether/weaver/engine/observe/WeaveEvents.java;aether-weaver-engine/src/main/java/de/splatgames/aether/weaver/engine/parse/Annotations.java;aether-weaver-engine/src/main/java/de/splatgames/aether/weaver/engine/parse/PointTargets.java;aether-weaver-engine/src/main/java/de/splatgames/aether/weaver/engine/parse/WeaveClassParser.java
L2-engine-engine-plan+1	2	aether-weaver-engine	de.splatgames.aether.weaver.engine.plan; de.splatgames.aether.weaver.engine.plugin	12	done	f6490e6	aether-weaver-engine/src/main/java/de/splatgames/aether/weaver/engine/plan/ConflictDetector.java;aether-weaver-engine/src/main/java/de/splatgames/aether/weaver/engine/plan/OrderKey.java;aether-weaver-engine/src/main/java/de/splatgames/aether/weaver/engine/plan/PlanEntry.java;aether-weaver-engine/src/main/java/de/splatgames/aether/weaver/engine/plan/PlanFingerprint.java;aether-weaver-engine/src/main/java/de/splatgames/aether/weaver/engine/plan/WeavePlan.java;aether-weaver-engine/src/main/java/de/splatgames/aether/weaver/engine/plan/WeavePlanner.java;aether-weaver-engine/src/main/java/de/splatgames/aether/weaver/engine/plugin/DefaultPluginContext.java;aether-weaver-engine/src/main/java/de/splatgames/aether/weaver/engine/plugin/NamespacedRegistry.java;aether-weaver-engine/src/main/java/de/splatgames/aether/weaver/engine/plugin/PluginFilter.java;aether-weaver-engine/src/main/java/de/splatgames/aether/weaver/engine/plugin/PluginIsolation.java;aether-weaver-engine/src/main/java/de/splatgames/aether/weaver/engine/plugin/PluginLoader.java;aether-weaver-engine/src/main/java/de/splatgames/aether/weaver/engine/plugin/PluginRegistry.java
L2-engine-engine-policy+3	2	aether-weaver-engine	de.splatgames.aether.weaver.engine.policy; de.splatgames.aether.weaver.engine.select; de.splatgames.aether.weaver.engine.stamp; de.splatgames.aether.weaver.engine.text	10	done	4a09825	aether-weaver-engine/src/main/java/de/splatgames/aether/weaver/engine/policy/DefaultWeavePolicy.java;aether-weaver-engine/src/main/java/de/splatgames/aether/weaver/engine/select/CandidateListing.java;aether-weaver-engine/src/main/java/de/splatgames/aether/weaver/engine/select/DefaultSelectorResolver.java;aether-weaver-engine/src/main/java/de/splatgames/aether/weaver/engine/select/MemberRef.java;aether-weaver-engine/src/main/java/de/splatgames/aether/weaver/engine/select/ResolutionContext.java;aether-weaver-engine/src/main/java/de/splatgames/aether/weaver/engine/stamp/Provenance.java;aether-weaver-engine/src/main/java/de/splatgames/aether/weaver/engine/stamp/WeaveAttributeWriter.java;aether-weaver-engine/src/main/java/de/splatgames/aether/weaver/engine/stamp/WeaveRecord.java;aether-weaver-engine/src/main/java/de/splatgames/aether/weaver/engine/stamp/WovenAnnotationWriter.java;aether-weaver-engine/src/main/java/de/splatgames/aether/weaver/engine/text/ConsoleText.java
L2-engine-engine-verify	2	aether-weaver-engine	de.splatgames.aether.weaver.engine.verify	3	done	74429dc	aether-weaver-engine/src/main/java/de/splatgames/aether/weaver/engine/verify/StructuralCheck.java;aether-weaver-engine/src/main/java/de/splatgames/aether/weaver/engine/verify/VerificationPolicy.java;aether-weaver-engine/src/main/java/de/splatgames/aether/weaver/engine/verify/Verifier.java
L2-engine-inject-point+1	2	aether-weaver-engine	de.splatgames.aether.weaver.engine.inject.point; de.splatgames.aether.weaver.engine.internal.transform	11	done	a864b5a	aether-weaver-engine/src/main/java/de/splatgames/aether/weaver/engine/inject/point/BuiltInPoints.java;aether-weaver-engine/src/main/java/de/splatgames/aether/weaver/engine/inject/point/ModelViews.java;aether-weaver-engine/src/main/java/de/splatgames/aether/weaver/engine/inject/point/PointResolver.java;aether-weaver-engine/src/main/java/de/splatgames/aether/weaver/engine/inject/point/SiteSafety.java;aether-weaver-engine/src/main/java/de/splatgames/aether/weaver/engine/inject/point/Targets.java;aether-weaver-engine/src/main/java/de/splatgames/aether/weaver/engine/internal/transform/ClassRemapper.java;aether-weaver-engine/src/main/java/de/splatgames/aether/weaver/engine/internal/transform/CodeRelabeler.java;aether-weaver-engine/src/main/java/de/splatgames/aether/weaver/engine/internal/transform/FrameSupport.java;aether-weaver-engine/src/main/java/de/splatgames/aether/weaver/engine/internal/transform/LocalTable.java;aether-weaver-engine/src/main/java/de/splatgames/aether/weaver/engine/internal/transform/LocalsShifter.java;aether-weaver-engine/src/main/java/de/splatgames/aether/weaver/engine/internal/transform/WeaveAttribute.java
L3-agent-agent	3	aether-weaver-agent	de.splatgames.aether.weaver.agent	4	done	79cd0db	aether-weaver-agent/src/main/java/de/splatgames/aether/weaver/agent/ModuleAccess.java;aether-weaver-agent/src/main/java/de/splatgames/aether/weaver/agent/RetransformApplicability.java;aether-weaver-agent/src/main/java/de/splatgames/aether/weaver/agent/WeaverAgent.java;aether-weaver-agent/src/main/java/de/splatgames/aether/weaver/agent/WeavingTransformer.java
L3-maven-plugin-maven	3	aether-weaver-maven-plugin	de.splatgames.aether.weaver.maven	10	done	071eb5f	aether-weaver-maven-plugin/src/main/java/de/splatgames/aether/weaver/maven/AbstractWeaveMojo.java;aether-weaver-maven-plugin/src/main/java/de/splatgames/aether/weaver/maven/AuditMojo.java;aether-weaver-maven-plugin/src/main/java/de/splatgames/aether/weaver/maven/ClassDirectory.java;aether-weaver-maven-plugin/src/main/java/de/splatgames/aether/weaver/maven/DependencyJar.java;aether-weaver-maven-plugin/src/main/java/de/splatgames/aether/weaver/maven/DependencyWeaver.java;aether-weaver-maven-plugin/src/main/java/de/splatgames/aether/weaver/maven/Manifests.java;aether-weaver-maven-plugin/src/main/java/de/splatgames/aether/weaver/maven/Receivers.java;aether-weaver-maven-plugin/src/main/java/de/splatgames/aether/weaver/maven/StubsMojo.java;aether-weaver-maven-plugin/src/main/java/de/splatgames/aether/weaver/maven/WeaveMojo.java;aether-weaver-maven-plugin/src/main/java/de/splatgames/aether/weaver/maven/WeaveTestsMojo.java
L3-processor-processor-01	3	aether-weaver-processor	de.splatgames.aether.weaver.processor	7	done	7cebcda	aether-weaver-processor/src/main/java/de/splatgames/aether/weaver/processor/Anchor.java;aether-weaver-processor/src/main/java/de/splatgames/aether/weaver/processor/Anchors.java;aether-weaver-processor/src/main/java/de/splatgames/aether/weaver/processor/ExtensionChecks.java;aether-weaver-processor/src/main/java/de/splatgames/aether/weaver/processor/HandlerChecks.java;aether-weaver-processor/src/main/java/de/splatgames/aether/weaver/processor/ManifestEmitter.java;aether-weaver-processor/src/main/java/de/splatgames/aether/weaver/processor/MemberChecks.java;aether-weaver-processor/src/main/java/de/splatgames/aether/weaver/processor/MessagerReporter.java
L3-processor-processor-02	3	aether-weaver-processor	de.splatgames.aether.weaver.processor	7	done	9c87ea7	aether-weaver-processor/src/main/java/de/splatgames/aether/weaver/processor/PointChecks.java;aether-weaver-processor/src/main/java/de/splatgames/aether/weaver/processor/SelectorChecks.java;aether-weaver-processor/src/main/java/de/splatgames/aether/weaver/processor/SourceMembers.java;aether-weaver-processor/src/main/java/de/splatgames/aether/weaver/processor/SourceSpecs.java;aether-weaver-processor/src/main/java/de/splatgames/aether/weaver/processor/SourceTargets.java;aether-weaver-processor/src/main/java/de/splatgames/aether/weaver/processor/TargetBytes.java;aether-weaver-processor/src/main/java/de/splatgames/aether/weaver/processor/WeaveProcessor.java
L3-runtime-runtime	3	aether-weaver-runtime	de.splatgames.aether.weaver.runtime	4	done	a08851c	aether-weaver-runtime/src/main/java/de/splatgames/aether/weaver/runtime/AotCache.java;aether-weaver-runtime/src/main/java/de/splatgames/aether/weaver/runtime/ManifestWeaveSource.java;aether-weaver-runtime/src/main/java/de/splatgames/aether/weaver/runtime/WeaveDiscovery.java;aether-weaver-runtime/src/main/java/de/splatgames/aether/weaver/runtime/WeavingClassLoader.java
L3-runtime-runtime-config	3	aether-weaver-runtime	de.splatgames.aether.weaver.runtime.config	9	done	9c04dea	aether-weaver-runtime/src/main/java/de/splatgames/aether/weaver/runtime/config/ConfigLayer.java;aether-weaver-runtime/src/main/java/de/splatgames/aether/weaver/runtime/config/ConfigLayers.java;aether-weaver-runtime/src/main/java/de/splatgames/aether/weaver/runtime/config/ConfigParser.java;aether-weaver-runtime/src/main/java/de/splatgames/aether/weaver/runtime/config/ErrorPolicy.java;aether-weaver-runtime/src/main/java/de/splatgames/aether/weaver/runtime/config/InjectorOverride.java;aether-weaver-runtime/src/main/java/de/splatgames/aether/weaver/runtime/config/PolicyConfig.java;aether-weaver-runtime/src/main/java/de/splatgames/aether/weaver/runtime/config/TagFilter.java;aether-weaver-runtime/src/main/java/de/splatgames/aether/weaver/runtime/config/WeaveOverride.java;aether-weaver-runtime/src/main/java/de/splatgames/aether/weaver/runtime/config/WeaverConfig.java
L3-testkit-testkit	3	aether-weaver-testkit	de.splatgames.aether.weaver.testkit	6	done	664fa38	aether-weaver-testkit/src/main/java/de/splatgames/aether/weaver/testkit/GoldenFiles.java;aether-weaver-testkit/src/main/java/de/splatgames/aether/weaver/testkit/WeaveResult.java;aether-weaver-testkit/src/main/java/de/splatgames/aether/weaver/testkit/WeaverExtension.java;aether-weaver-testkit/src/main/java/de/splatgames/aether/weaver/testkit/Weaves.java;aether-weaver-testkit/src/main/java/de/splatgames/aether/weaver/testkit/Weaving.java;aether-weaver-testkit/src/main/java/de/splatgames/aether/weaver/testkit/WovenAssert.java
L4-tests-api-api+4	4	aether-weaver-api	de.splatgames.aether.weaver.api; de.splatgames.aether.weaver.api.diagnostic; de.splatgames.aether.weaver.api.manifest; de.splatgames.aether.weaver.api.select; de.splatgames.aether.weaver.api.spi	8	done	0cbd6f5	aether-weaver-api/src/test/java/de/splatgames/aether/weaver/api/AnnotationSurfaceTest.java;aether-weaver-api/src/test/java/de/splatgames/aether/weaver/api/diagnostic/DiagnosticCodeTest.java;aether-weaver-api/src/test/java/de/splatgames/aether/weaver/api/diagnostic/DiagnosticIdTest.java;aether-weaver-api/src/test/java/de/splatgames/aether/weaver/api/manifest/ManifestRoundTripTest.java;aether-weaver-api/src/test/java/de/splatgames/aether/weaver/api/select/SelectorParserTest.java;aether-weaver-api/src/test/java/de/splatgames/aether/weaver/api/select/SelectorRenderingTest.java;aether-weaver-api/src/test/java/de/splatgames/aether/weaver/api/spi/ClassSourceTest.java;aether-weaver-api/src/test/java/de/splatgames/aether/weaver/api/spi/ExtensionCompilesAgainstApiAloneTest.java
L5-ide-main-idea-augment	5	aether-weaver-ide/aether-weaver-idea	de.splatgames.aether.weaver.idea.augment	4	done	6fe1382	aether-weaver-ide/aether-weaver-idea/src/main/java/de/splatgames/aether/weaver/idea/augment/ContributedField.java;aether-weaver-ide/aether-weaver-idea/src/main/java/de/splatgames/aether/weaver/idea/augment/ContributedMethod.java;aether-weaver-ide/aether-weaver-idea/src/main/java/de/splatgames/aether/weaver/idea/augment/ExtensionAugmentProvider.java;aether-weaver-ide/aether-weaver-idea/src/main/java/de/splatgames/aether/weaver/idea/augment/WeaveAugmentProvider.java
L5-ide-main-idea-bytecode+1	5	aether-weaver-ide/aether-weaver-idea	de.splatgames.aether.weaver.idea.bytecode; de.splatgames.aether.weaver.idea.completion	10	done	8d8305a	aether-weaver-ide/aether-weaver-idea/src/main/java/de/splatgames/aether/weaver/idea/bytecode/CompiledClasses.java;aether-weaver-ide/aether-weaver-idea/src/main/java/de/splatgames/aether/weaver/idea/bytecode/CompiledLines.java;aether-weaver-ide/aether-weaver-idea/src/main/java/de/splatgames/aether/weaver/idea/bytecode/EditorLines.java;aether-weaver-ide/aether-weaver-idea/src/main/java/de/splatgames/aether/weaver/idea/bytecode/OperationsAtLine.java;aether-weaver-ide/aether-weaver-idea/src/main/java/de/splatgames/aether/weaver/idea/bytecode/SourceAnchor.java;aether-weaver-ide/aether-weaver-idea/src/main/java/de/splatgames/aether/weaver/idea/bytecode/SpotFinder.java;aether-weaver-ide/aether-weaver-idea/src/main/java/de/splatgames/aether/weaver/idea/bytecode/TargetLocals.java;aether-weaver-ide/aether-weaver-idea/src/main/java/de/splatgames/aether/weaver/idea/bytecode/TargetOperations.java;aether-weaver-ide/aether-weaver-idea/src/main/java/de/splatgames/aether/weaver/idea/bytecode/WeaveSpot.java;aether-weaver-ide/aether-weaver-idea/src/main/java/de/splatgames/aether/weaver/idea/completion/ContributedMethodCompletionContributor.java
L5-ide-main-idea-generate+1	5	aether-weaver-ide/aether-weaver-idea	de.splatgames.aether.weaver.idea.generate; de.splatgames.aether.weaver.idea.index	10	done	87c7719	aether-weaver-ide/aether-weaver-idea/src/main/java/de/splatgames/aether/weaver/idea/generate/AddHandlerAction.java;aether-weaver-ide/aether-weaver-idea/src/main/java/de/splatgames/aether/weaver/idea/generate/AddHandlerDialog.java;aether-weaver-ide/aether-weaver-idea/src/main/java/de/splatgames/aether/weaver/idea/generate/AddHandlerHandler.java;aether-weaver-ide/aether-weaver-idea/src/main/java/de/splatgames/aether/weaver/idea/generate/CaptureLocalIntention.java;aether-weaver-ide/aether-weaver-idea/src/main/java/de/splatgames/aether/weaver/idea/generate/HandlerInsertion.java;aether-weaver-ide/aether-weaver-idea/src/main/java/de/splatgames/aether/weaver/idea/generate/HandlerOptions.java;aether-weaver-ide/aether-weaver-idea/src/main/java/de/splatgames/aether/weaver/idea/generate/WeaveHereDialog.java;aether-weaver-ide/aether-weaver-idea/src/main/java/de/splatgames/aether/weaver/idea/generate/WeaveHereIntention.java;aether-weaver-ide/aether-weaver-idea/src/main/java/de/splatgames/aether/weaver/idea/index/ExtensionReceiverIndex.java;aether-weaver-ide/aether-weaver-idea/src/main/java/de/splatgames/aether/weaver/idea/index/WeaveTargetIndex.java
L5-ide-main-idea-inspection-01	5	aether-weaver-ide/aether-weaver-idea	de.splatgames.aether.weaver.idea.inspection	8	done	f7114cc	aether-weaver-ide/aether-weaver-idea/src/main/java/de/splatgames/aether/weaver/idea/inspection/AdjustHandlerParametersFix.java;aether-weaver-ide/aether-weaver-idea/src/main/java/de/splatgames/aether/weaver/idea/inspection/ApplySelectorSuggestionFix.java;aether-weaver-ide/aether-weaver-idea/src/main/java/de/splatgames/aether/weaver/idea/inspection/ChangeSelectorNameFix.java;aether-weaver-ide/aether-weaver-idea/src/main/java/de/splatgames/aether/weaver/idea/inspection/ConvertShadowToAccessorFix.java;aether-weaver-ide/aether-weaver-idea/src/main/java/de/splatgames/aether/weaver/idea/inspection/ExtensionDeclarationInspection.java;aether-weaver-ide/aether-weaver-idea/src/main/java/de/splatgames/aether/weaver/idea/inspection/HandlerSignatureInspection.java;aether-weaver-ide/aether-weaver-idea/src/main/java/de/splatgames/aether/weaver/idea/inspection/MakeContributedMethodStaticFix.java;aether-weaver-ide/aether-weaver-idea/src/main/java/de/splatgames/aether/weaver/idea/inspection/MakeExtensionFinalFix.java
L5-ide-main-idea-inspection-02	5	aether-weaver-ide/aether-weaver-idea	de.splatgames.aether.weaver.idea.inspection	8	done	72e6af6	aether-weaver-ide/aether-weaver-idea/src/main/java/de/splatgames/aether/weaver/idea/inspection/MakeHandlerReachableFix.java;aether-weaver-ide/aether-weaver-idea/src/main/java/de/splatgames/aether/weaver/idea/inspection/MakeHandlerStaticFix.java;aether-weaver-ide/aether-weaver-idea/src/main/java/de/splatgames/aether/weaver/idea/inspection/MarkReceiverParameterFix.java;aether-weaver-ide/aether-weaver-idea/src/main/java/de/splatgames/aether/weaver/idea/inspection/MoveReceiverParameterFirstFix.java;aether-weaver-ide/aether-weaver-idea/src/main/java/de/splatgames/aether/weaver/idea/inspection/PointTargetInspection.java;aether-weaver-ide/aether-weaver-idea/src/main/java/de/splatgames/aether/weaver/idea/inspection/SelectorInspection.java;aether-weaver-ide/aether-weaver-idea/src/main/java/de/splatgames/aether/weaver/idea/inspection/WeaveDeclarationInspection.java;aether-weaver-ide/aether-weaver-idea/src/main/java/de/splatgames/aether/weaver/idea/inspection/WeaveMemberInspection.java
L5-ide-main-idea-intention+1	5	aether-weaver-ide/aether-weaver-idea	de.splatgames.aether.weaver.idea.intention; de.splatgames.aether.weaver.idea.library	12	done	afc9203	aether-weaver-ide/aether-weaver-idea/src/main/java/de/splatgames/aether/weaver/idea/intention/AddShadowIntention.java;aether-weaver-ide/aether-weaver-idea/src/main/java/de/splatgames/aether/weaver/idea/intention/ConvertPointTargetToDescriptorFormIntention.java;aether-weaver-ide/aether-weaver-idea/src/main/java/de/splatgames/aether/weaver/idea/intention/ConvertPointTargetToSourceFormIntention.java;aether-weaver-ide/aether-weaver-idea/src/main/java/de/splatgames/aether/weaver/idea/intention/ConvertSelectorToSourceFormIntention.java;aether-weaver-ide/aether-weaver-idea/src/main/java/de/splatgames/aether/weaver/idea/intention/CreateExtensionMethodIntention.java;aether-weaver-ide/aether-weaver-idea/src/main/java/de/splatgames/aether/weaver/idea/intention/CreateWeaveIntention.java;aether-weaver-ide/aether-weaver-idea/src/main/java/de/splatgames/aether/weaver/idea/intention/PointTargetLiterals.java;aether-weaver-ide/aether-weaver-idea/src/main/java/de/splatgames/aether/weaver/idea/intention/QualifySelectorIntention.java;aether-weaver-ide/aether-weaver-idea/src/main/java/de/splatgames/aether/weaver/idea/intention/SelectorLiterals.java;aether-weaver-ide/aether-weaver-idea/src/main/java/de/splatgames/aether/weaver/idea/library/LibraryExtensions.java;aether-weaver-ide/aether-weaver-idea/src/main/java/de/splatgames/aether/weaver/idea/library/LibraryManifests.java;aether-weaver-ide/aether-weaver-idea/src/main/java/de/splatgames/aether/weaver/idea/library/LibraryWeaves.java
L5-ide-main-idea-marker	5	aether-weaver-ide/aether-weaver-idea	de.splatgames.aether.weaver.idea.marker	3	done	00304af	aether-weaver-ide/aether-weaver-idea/src/main/java/de/splatgames/aether/weaver/idea/marker/ExtensionLineMarkerProvider.java;aether-weaver-ide/aether-weaver-idea/src/main/java/de/splatgames/aether/weaver/idea/marker/HandlerLineMarkerProvider.java;aether-weaver-ide/aether-weaver-idea/src/main/java/de/splatgames/aether/weaver/idea/marker/WeaveLineMarkerProvider.java
L5-ide-main-idea-preview	5	aether-weaver-ide/aether-weaver-idea	de.splatgames.aether.weaver.idea.preview	10	done	7b11d8d	aether-weaver-ide/aether-weaver-idea/src/main/java/de/splatgames/aether/weaver/idea/preview/InjectionSiteHintPass.java;aether-weaver-ide/aether-weaver-idea/src/main/java/de/splatgames/aether/weaver/idea/preview/InjectionSiteHintRenderer.java;aether-weaver-ide/aether-weaver-idea/src/main/java/de/splatgames/aether/weaver/idea/preview/InjectionSiteHints.java;aether-weaver-ide/aether-weaver-idea/src/main/java/de/splatgames/aether/weaver/idea/preview/ToggleInjectedCodeAction.java;aether-weaver-ide/aether-weaver-idea/src/main/java/de/splatgames/aether/weaver/idea/preview/WeaveBlock.java;aether-weaver-ide/aether-weaver-idea/src/main/java/de/splatgames/aether/weaver/idea/preview/WeaveBlockRenderer.java;aether-weaver-ide/aether-weaver-idea/src/main/java/de/splatgames/aether/weaver/idea/preview/WeaveBlocks.java;aether-weaver-ide/aether-weaver-idea/src/main/java/de/splatgames/aether/weaver/idea/preview/WeaveCollapsedBlocks.java;aether-weaver-ide/aether-weaver-idea/src/main/java/de/splatgames/aether/weaver/idea/preview/WeaveInlayPass.java;aether-weaver-ide/aether-weaver-idea/src/main/java/de/splatgames/aether/weaver/idea/preview/WeaveInlaySettings.java
L5-ide-main-idea-psi	5	aether-weaver-ide/aether-weaver-idea	de.splatgames.aether.weaver.idea.psi	9	done	ad9ca62	aether-weaver-ide/aether-weaver-idea/src/main/java/de/splatgames/aether/weaver/idea/psi/CaretAnchors.java;aether-weaver-ide/aether-weaver-idea/src/main/java/de/splatgames/aether/weaver/idea/psi/ExtensionDeclarations.java;aether-weaver-ide/aether-weaver-idea/src/main/java/de/splatgames/aether/weaver/idea/psi/HandlerOrder.java;aether-weaver-ide/aether-weaver-idea/src/main/java/de/splatgames/aether/weaver/idea/psi/HandlerSignature.java;aether-weaver-ide/aether-weaver-idea/src/main/java/de/splatgames/aether/weaver/idea/psi/PointDeclarations.java;aether-weaver-ide/aether-weaver-idea/src/main/java/de/splatgames/aether/weaver/idea/psi/SelectorTargets.java;aether-weaver-ide/aether-weaver-idea/src/main/java/de/splatgames/aether/weaver/idea/psi/SourceSpots.java;aether-weaver-ide/aether-weaver-idea/src/main/java/de/splatgames/aether/weaver/idea/psi/TargetMembers.java;aether-weaver-ide/aether-weaver-idea/src/main/java/de/splatgames/aether/weaver/idea/psi/WeaveDeclarations.java
L5-ide-main-idea-selector+2	5	aether-weaver-ide/aether-weaver-idea	de.splatgames.aether.weaver.idea.selector; de.splatgames.aether.weaver.idea.toolwindow; de.splatgames.aether.weaver.idea.usage	10	done	c7bfc36	aether-weaver-ide/aether-weaver-idea/src/main/java/de/splatgames/aether/weaver/idea/selector/PointTargetCompletionContributor.java;aether-weaver-ide/aether-weaver-idea/src/main/java/de/splatgames/aether/weaver/idea/selector/PointTargetReference.java;aether-weaver-ide/aether-weaver-idea/src/main/java/de/splatgames/aether/weaver/idea/selector/SelectorCompletionContributor.java;aether-weaver-ide/aether-weaver-idea/src/main/java/de/splatgames/aether/weaver/idea/selector/SelectorReference.java;aether-weaver-ide/aether-weaver-idea/src/main/java/de/splatgames/aether/weaver/idea/selector/SelectorReferenceContributor.java;aether-weaver-ide/aether-weaver-idea/src/main/java/de/splatgames/aether/weaver/idea/toolwindow/ExtensionsModel.java;aether-weaver-ide/aether-weaver-idea/src/main/java/de/splatgames/aether/weaver/idea/toolwindow/WeavesModel.java;aether-weaver-ide/aether-weaver-idea/src/main/java/de/splatgames/aether/weaver/idea/toolwindow/WeavesToolWindowFactory.java;aether-weaver-ide/aether-weaver-idea/src/main/java/de/splatgames/aether/weaver/idea/usage/ExtensionImplicitUsageProvider.java;aether-weaver-ide/aether-weaver-idea/src/main/java/de/splatgames/aether/weaver/idea/usage/WeaveImplicitUsageProvider.java
L5-ide-sample-acme-payments-01	5	aether-weaver-ide/aether-weaver-idea	com.acme.payments	9	done	7334170	aether-weaver-ide/aether-weaver-idea/sample/src/main/java/com/acme/payments/Amounts.java;aether-weaver-ide/aether-weaver-idea/sample/src/main/java/com/acme/payments/AuditWeave.java;aether-weaver-ide/aether-weaver-idea/sample/src/main/java/com/acme/payments/DescriptorWeave.java;aether-weaver-ide/aether-weaver-idea/sample/src/main/java/com/acme/payments/Gateway.java;aether-weaver-ide/aether-weaver-idea/sample/src/main/java/com/acme/payments/GeneratedShapes.java;aether-weaver-ide/aether-weaver-idea/sample/src/main/java/com/acme/payments/Ledger.java;aether-weaver-ide/aether-weaver-idea/sample/src/main/java/com/acme/payments/LedgerWeave.java;aether-weaver-ide/aether-weaver-idea/sample/src/main/java/com/acme/payments/NotAWeave.java;aether-weaver-ide/aether-weaver-idea/sample/src/main/java/com/acme/payments/PriorityWeave.java
L5-ide-sample-acme-payments-02	5	aether-weaver-ide/aether-weaver-idea	com.acme.payments	9	done	b78d5e2	aether-weaver-ide/aether-weaver-idea/sample/src/main/java/com/acme/payments/Receipt.java;aether-weaver-ide/aether-weaver-idea/sample/src/main/java/com/acme/payments/ReceiptAccess.java;aether-weaver-ide/aether-weaver-idea/sample/src/main/java/com/acme/payments/Reported.java;aether-weaver-ide/aether-weaver-idea/sample/src/main/java/com/acme/payments/ReportedExtensions.java;aether-weaver-ide/aether-weaver-idea/sample/src/main/java/com/acme/payments/Router.java;aether-weaver-ide/aether-weaver-idea/sample/src/main/java/com/acme/payments/RouterWeave.java;aether-weaver-ide/aether-weaver-idea/sample/src/main/java/com/acme/payments/Silent.java;aether-weaver-ide/aether-weaver-idea/sample/src/main/java/com/acme/payments/SilentWeave.java;aether-weaver-ide/aether-weaver-idea/sample/src/main/java/com/acme/payments/TargetsByName.java
L6-package-info-agent	6	aether-weaver-agent	(all)	1	done	4135519	aether-weaver-agent/src/main/java/de/splatgames/aether/weaver/agent/package-info.java
L6-package-info-api	6	aether-weaver-api	(all)	8	done	dcbf8ce	aether-weaver-api/src/main/java/de/splatgames/aether/weaver/api/callback/package-info.java;aether-weaver-api/src/main/java/de/splatgames/aether/weaver/api/diagnostic/package-info.java;aether-weaver-api/src/main/java/de/splatgames/aether/weaver/api/experimental/package-info.java;aether-weaver-api/src/main/java/de/splatgames/aether/weaver/api/manifest/package-info.java;aether-weaver-api/src/main/java/de/splatgames/aether/weaver/api/model/package-info.java;aether-weaver-api/src/main/java/de/splatgames/aether/weaver/api/package-info.java;aether-weaver-api/src/main/java/de/splatgames/aether/weaver/api/select/package-info.java;aether-weaver-api/src/main/java/de/splatgames/aether/weaver/api/spi/package-info.java
L6-package-info-engine	6	aether-weaver-engine	(all)	14	done	e2406dc	aether-weaver-engine/src/main/java/de/splatgames/aether/weaver/engine/dump/package-info.java;aether-weaver-engine/src/main/java/de/splatgames/aether/weaver/engine/explain/package-info.java;aether-weaver-engine/src/main/java/de/splatgames/aether/weaver/engine/extension/package-info.java;aether-weaver-engine/src/main/java/de/splatgames/aether/weaver/engine/inject/package-info.java;aether-weaver-engine/src/main/java/de/splatgames/aether/weaver/engine/inject/point/package-info.java;aether-weaver-engine/src/main/java/de/splatgames/aether/weaver/engine/internal/transform/package-info.java;aether-weaver-engine/src/main/java/de/splatgames/aether/weaver/engine/merge/package-info.java;aether-weaver-engine/src/main/java/de/splatgames/aether/weaver/engine/model/package-info.java;aether-weaver-engine/src/main/java/de/splatgames/aether/weaver/engine/observe/package-info.java;aether-weaver-engine/src/main/java/de/splatgames/aether/weaver/engine/plan/package-info.java;aether-weaver-engine/src/main/java/de/splatgames/aether/weaver/engine/plugin/package-info.java;aether-weaver-engine/src/main/java/de/splatgames/aether/weaver/engine/select/package-info.java;aether-weaver-engine/src/main/java/de/splatgames/aether/weaver/engine/stamp/package-info.java;aether-weaver-engine/src/main/java/de/splatgames/aether/weaver/engine/text/package-info.java
L6-package-info-ide	6	aether-weaver-ide	(all)	1	done	5e6703b	aether-weaver-ide/aether-weaver-idea/src/main/java/de/splatgames/aether/weaver/idea/preview/package-info.java
L6-package-info-processor	6	aether-weaver-processor	(all)	1	done	2649e86	aether-weaver-processor/src/main/java/de/splatgames/aether/weaver/processor/package-info.java
L6-package-info-runtime	6	aether-weaver-runtime	(all)	2	done	46ea1e4	aether-weaver-runtime/src/main/java/de/splatgames/aether/weaver/runtime/config/package-info.java;aether-weaver-runtime/src/main/java/de/splatgames/aether/weaver/runtime/package-info.java
L6-package-info-testkit	6	aether-weaver-testkit	(all)	1	done	5a28e27	aether-weaver-testkit/src/main/java/de/splatgames/aether/weaver/testkit/package-info.java
