page	section	order	file	kind	title	state	commit	sources	parent	aliases
H-overview	site	0	overview.topic	hub	Aether Weaver	done	0ca4ec8			
X-tba	site	1	tba.topic	hub	Not written yet	done	0ca4ec8			
S-what-is	start	10	start/what-is-aether-weaver.topic	explain	What Aether Weaver is	done	04965ef	aether-weaver-api/src/main/java/de/splatgames/aether/weaver/api/Weave.java;aether-weaver-engine/src/main/java/de/splatgames/aether/weaver/engine/Weaver.java;aether-weaver-engine/src/main/java/de/splatgames/aether/weaver/engine/WeaverBuilder.java;pom.xml		
S-install	start	20	start/install.topic	howto	Install	done	fcad83e	pom.xml;aether-weaver-bom/pom.xml;aether-weaver-api/pom.xml;aether-weaver-processor/pom.xml;aether-weaver-testkit/pom.xml;aether-weaver-maven-plugin/pom.xml		
S-first-weave	start	30	start/first-weave.topic	howto	Your first weave	done	1409465	aether-weaver-api/src/main/java/de/splatgames/aether/weaver/api/Weave.java;aether-weaver-api/src/main/java/de/splatgames/aether/weaver/api/Inject.java;aether-weaver-api/src/main/java/de/splatgames/aether/weaver/api/At.java;aether-weaver-api/src/main/java/de/splatgames/aether/weaver/api/Point.java;aether-weaver-tests/src/test/java/de/splatgames/aether/weaver/e2e/		
S-choose-driver	start	40	start/choose-a-driver.topic	explain	Choose a driver	done	a5f9814	aether-weaver-maven-plugin/src/main/java/de/splatgames/aether/weaver/maven/WeaveMojo.java;aether-weaver-agent/src/main/java/de/splatgames/aether/weaver/agent/WeaverAgent.java;aether-weaver-runtime/src/main/java/de/splatgames/aether/weaver/runtime/WeavingClassLoader.java;aether-weaver-testkit/src/main/java/de/splatgames/aether/weaver/testkit/Weaving.java;aether-weaver-api/src/main/java/de/splatgames/aether/weaver/api/diagnostic/DiagnosticCode.java		Choosing a driver
H-start	start	99	start/getting-started.topic	hub	Get started	done	47e09ab			
C-weaving-model	concepts	10	concepts/weaving-model.topic	explain	The weaving model	done	94481b3	aether-weaver-api/src/main/java/de/splatgames/aether/weaver/api/Weave.java;aether-weaver-api/src/main/java/de/splatgames/aether/weaver/api/Require.java;aether-weaver-engine/src/main/java/de/splatgames/aether/weaver/engine/merge/;aether-weaver-engine/src/main/java/de/splatgames/aether/weaver/engine/model/		
C-pipeline	concepts	20	concepts/pipeline.topic	explain	The weaving pipeline	done	7de91f4	aether-weaver-engine/src/main/java/de/splatgames/aether/weaver/engine/Weaver.java;aether-weaver-engine/src/main/java/de/splatgames/aether/weaver/engine/WeaverBuilder.java;aether-weaver-engine/src/main/java/de/splatgames/aether/weaver/engine/parse/;aether-weaver-engine/src/main/java/de/splatgames/aether/weaver/engine/plan/;aether-weaver-engine/src/main/java/de/splatgames/aether/weaver/engine/inject/;aether-weaver-engine/src/main/java/de/splatgames/aether/weaver/engine/verify/;aether-weaver-engine/src/main/java/de/splatgames/aether/weaver/engine/stamp/		
C-selectors	concepts	30	concepts/selectors.topic	explain	Selectors	done	7de91f4	aether-weaver-api/src/main/java/de/splatgames/aether/weaver/api/select/		
C-injection-points	concepts	40	concepts/injection-points.topic	explain	Injection points	done	7de91f4	aether-weaver-api/src/main/java/de/splatgames/aether/weaver/api/At.java;aether-weaver-api/src/main/java/de/splatgames/aether/weaver/api/Point.java;aether-weaver-api/src/main/java/de/splatgames/aether/weaver/api/Slice.java;aether-weaver-engine/src/main/java/de/splatgames/aether/weaver/engine/inject/point/		
C-handlers	concepts	50	concepts/handlers-and-callbacks.topic	explain	Handlers and callbacks	done	1459778	aether-weaver-api/src/main/java/de/splatgames/aether/weaver/api/callback/;aether-weaver-api/src/main/java/de/splatgames/aether/weaver/api/Inject.java;aether-weaver-api/src/main/java/de/splatgames/aether/weaver/api/Result.java;aether-weaver-engine/src/main/java/de/splatgames/aether/weaver/engine/inject/		Handlers
C-weave-members	concepts	60	concepts/weave-members.topic	explain	Weave members	done	1459778	aether-weaver-api/src/main/java/de/splatgames/aether/weaver/api/Shadow.java;aether-weaver-api/src/main/java/de/splatgames/aether/weaver/api/Unique.java;aether-weaver-api/src/main/java/de/splatgames/aether/weaver/api/Accessor.java;aether-weaver-api/src/main/java/de/splatgames/aether/weaver/api/Invoker.java;aether-weaver-engine/src/main/java/de/splatgames/aether/weaver/engine/merge/		
C-locals	concepts	70	concepts/locals.topic	explain	Locals	done	1459778	aether-weaver-api/src/main/java/de/splatgames/aether/weaver/api/Local.java;aether-weaver-api/src/main/java/de/splatgames/aether/weaver/api/model/LocalSpec.java;aether-weaver-api/src/main/java/de/splatgames/aether/weaver/api/callback/LocalRef.java;aether-weaver-engine/src/main/java/de/splatgames/aether/weaver/engine/inject/	C-handlers	
C-redirect-wrap	concepts	80	concepts/redirect-and-wrap.topic	explain	Redirect and Wrap	done	a4161a8	aether-weaver-api/src/main/java/de/splatgames/aether/weaver/api/Redirect.java;aether-weaver-api/src/main/java/de/splatgames/aether/weaver/api/Wrap.java;aether-weaver-api/src/main/java/de/splatgames/aether/weaver/api/callback/Operation.java;aether-weaver-api/src/main/java/de/splatgames/aether/weaver/api/callback/OperationSupport.java;aether-weaver-engine/src/main/java/de/splatgames/aether/weaver/engine/inject/		
C-ordering	concepts	90	concepts/ordering.topic	explain	Ordering	done	a4161a8	aether-weaver-api/src/main/java/de/splatgames/aether/weaver/api/Group.java;aether-weaver-api/src/main/java/de/splatgames/aether/weaver/api/Phase.java;aether-weaver-api/src/main/java/de/splatgames/aether/weaver/api/Weave.java;aether-weaver-api/src/main/java/de/splatgames/aether/weaver/api/model/GroupSpec.java;aether-weaver-engine/src/main/java/de/splatgames/aether/weaver/engine/plan/		
C-extensions	concepts	100	concepts/extension-methods.topic	explain	Extension methods	done	a4161a8	aether-weaver-api/src/main/java/de/splatgames/aether/weaver/api/experimental/;aether-weaver-engine/src/main/java/de/splatgames/aether/weaver/engine/extension/;aether-weaver-processor/src/main/java/de/splatgames/aether/weaver/processor/ExtensionChecks.java		
C-determinism	concepts	110	concepts/determinism.topic	explain	Determinism	done	8bf05ff	aether-weaver-engine/src/main/java/de/splatgames/aether/weaver/engine/stamp/;aether-weaver-testkit/src/main/java/de/splatgames/aether/weaver/testkit/WovenAssert.java;aether-weaver-testkit/src/main/java/de/splatgames/aether/weaver/testkit/Weaving.java;aether-weaver-engine/src/main/java/de/splatgames/aether/weaver/engine/plan/		
H-concepts	concepts	999	concepts/concepts.topic	hub	Core concepts	done	47e09ab			
G-build-time	guides	10	guides/build-time-weaving.topic	howto	Build-time weaving	done	1bd8fe9	aether-weaver-maven-plugin/src/main/java/de/splatgames/aether/weaver/maven/		Weaving dependencies
G-load-time	guides	20	guides/load-time-weaving.topic	howto	Load-time weaving	done	ea02ede	aether-weaver-agent/src/main/java/de/splatgames/aether/weaver/agent/		Weaving at load time
G-runtime	guides	30	guides/runtime-weaving.topic	howto	Runtime weaving	done	ea02ede	aether-weaver-runtime/src/main/java/de/splatgames/aether/weaver/runtime/;aether-weaver-engine/src/main/java/de/splatgames/aether/weaver/engine/WeaverBuilder.java		Weaving in a running application
G-testing	guides	40	guides/testing-woven-code.topic	howto	Testing woven code	done	ea02ede	aether-weaver-testkit/src/main/java/de/splatgames/aether/weaver/testkit/		Testing a weave
G-diagnosing	guides	50	guides/diagnosing-a-weave.topic	howto	Diagnosing a weave	done	e8287c1	aether-weaver-api/src/main/java/de/splatgames/aether/weaver/api/diagnostic/;aether-weaver-engine/src/main/java/de/splatgames/aether/weaver/engine/explain/;aether-weaver-engine/src/main/java/de/splatgames/aether/weaver/engine/dump/;aether-weaver-engine/src/main/java/de/splatgames/aether/weaver/engine/observe/		Explain a build
G-policy	guides	60	guides/policy-and-safety.topic	howto	Policy and safety	done	e8287c1	aether-weaver-api/src/main/java/de/splatgames/aether/weaver/api/spi/WeavePolicy.java;aether-weaver-engine/src/main/java/de/splatgames/aether/weaver/engine/policy/;aether-weaver-runtime/src/main/java/de/splatgames/aether/weaver/runtime/config/PolicyConfig.java		Weave policy
G-configuration	guides	80	guides/configuration.topic	howto	Configuration	done	c43d713	aether-weaver-runtime/src/main/java/de/splatgames/aether/weaver/runtime/config/		
H-guides	guides	999	guides/guides.topic	hub	Guides	done	47e09ab			
R-annotations	reference	10	reference/annotations.topic	reference	Annotations	done	49bfdd6	aether-weaver-api/src/main/java/de/splatgames/aether/weaver/api/		The annotation reference;The slice reference;@Group
R-selector-grammar	reference	20	reference/selector-grammar.topic	reference	The selector grammar	done	49bfdd6	aether-weaver-api/src/main/java/de/splatgames/aether/weaver/api/select/		
R-diag-1	reference	40	reference/diagnostics-declaration.topic	reference	AW1xxx - declarations and injection	done	b4475c8	aether-weaver-api/src/main/java/de/splatgames/aether/weaver/api/diagnostic/DiagnosticCode.java;aether-weaver-processor/src/main/java/de/splatgames/aether/weaver/processor/;aether-weaver-engine/src/main/java/de/splatgames/aether/weaver/engine/parse/;aether-weaver-engine/src/main/java/de/splatgames/aether/weaver/engine/inject/	R-diagnostics	AW1xxx
R-diag-2	reference	50	reference/diagnostics-environment.topic	reference	AW2xxx - environment, drivers and configuration	done	76d50f1	aether-weaver-api/src/main/java/de/splatgames/aether/weaver/api/diagnostic/DiagnosticCode.java;aether-weaver-runtime/src/main/java/de/splatgames/aether/weaver/runtime/;aether-weaver-agent/src/main/java/de/splatgames/aether/weaver/agent/;aether-weaver-maven-plugin/src/main/java/de/splatgames/aether/weaver/maven/	R-diagnostics	AW2xxx
R-diag-3	reference	60	reference/diagnostics-policy.topic	reference	AW3xxx - policy and plugins	done	76d50f1	aether-weaver-api/src/main/java/de/splatgames/aether/weaver/api/diagnostic/DiagnosticCode.java;aether-weaver-engine/src/main/java/de/splatgames/aether/weaver/engine/policy/;aether-weaver-engine/src/main/java/de/splatgames/aether/weaver/engine/plugin/	R-diagnostics	AW3xxx
R-diag-4	reference	70	reference/diagnostics-verification.topic	reference	AW4xxx - verification and engine faults	done	76d50f1	aether-weaver-api/src/main/java/de/splatgames/aether/weaver/api/diagnostic/DiagnosticCode.java;aether-weaver-engine/src/main/java/de/splatgames/aether/weaver/engine/verify/	R-diagnostics	AW4xxx
R-diagnostics	reference	30	reference/diagnostics.topic	reference	Diagnostic codes	done	49bfdd6	aether-weaver-api/src/main/java/de/splatgames/aether/weaver/api/diagnostic/DiagnosticCode.java		Diagnostics
R-config-keys	reference	80	reference/configuration-keys.topic	reference	Configuration keys	done	3f32927	aether-weaver-runtime/src/main/java/de/splatgames/aether/weaver/runtime/config/		The configuration reference;Driver options
R-maven-goals	reference	90	reference/maven-goals.topic	reference	Maven goals	done	3f32927	aether-weaver-maven-plugin/src/main/java/de/splatgames/aether/weaver/maven/		The Maven plugin;The plugin reference
R-agent-options	reference	100	reference/agent-options.topic	reference	Agent options	done	3f32927	aether-weaver-agent/src/main/java/de/splatgames/aether/weaver/agent/WeaverAgent.java;aether-weaver-agent/src/main/java/de/splatgames/aether/weaver/agent/RetransformApplicability.java;aether-weaver-agent/src/main/java/de/splatgames/aether/weaver/agent/ModuleAccess.java		
R-manifest	reference	120	reference/manifest-format.topic	reference	The weave manifest	done	1bd8fe9	aether-weaver-api/src/main/java/de/splatgames/aether/weaver/api/manifest/;aether-weaver-processor/src/main/java/de/splatgames/aether/weaver/processor/ManifestEmitter.java;aether-weaver-runtime/src/main/java/de/splatgames/aether/weaver/runtime/ManifestWeaveSource.java		The manifest reference
R-artifacts	reference	130	reference/artifacts.topic	reference	Artefacts and modules	done	1bd8fe9	pom.xml;aether-weaver-bom/pom.xml;aether-weaver-tests/src/test/java/de/splatgames/aether/weaver/architecture/		
H-reference	reference	999	reference/reference.topic	hub	Reference	done	47e09ab			
T-intellij	tooling	10	tooling/intellij-plugin.topic	reference	The IntelliJ IDEA plugin	done	0af3cd2	aether-weaver-ide/aether-weaver-idea/src/main/resources/META-INF/plugin.xml;aether-weaver-ide/aether-weaver-idea/src/main/java/;aether-weaver-ide/README.md		
H-tooling	tooling	999	tooling/tooling.topic	hub	Tooling	done	47e09ab	aether-weaver-ide/README.md		
X-layout	contributing	10	contributing/repository-layout.topic	explain	Repository layout	done	0af3cd2	pom.xml;aether-weaver-tests/src/test/java/de/splatgames/aether/weaver/architecture/;build-config/checkstyle.xml		
X-building	contributing	20	contributing/building-and-testing.topic	howto	Building and testing	done	0af3cd2	pom.xml;.github/workflows/build.yml;build-config/checkstyle.xml		
X-javadoc	contributing	30	contributing/javadoc-policy.topic	explain	JavaDoc policy	done	c43d713	build-config/reweave/STYLE.md;aether-weaver-tests/src/test/java/de/splatgames/aether/weaver/architecture/		
X-release-notes	contributing	40	contributing/release-notes.topic	reference	Release notes	done	128b229	pom.xml;CHANGELOG.md;aether-weaver-api/src/main/java/de/splatgames/aether/weaver/api/experimental/package-info.java		
H-contributing	contributing	999	contributing/contributing.topic	hub	Contributing	done	47e09ab			
P-what	plugins	10	plugins/what-a-plugin-can-do.topic	explain	What a plugin can do	done	c223721	aether-weaver-api/src/main/java/de/splatgames/aether/weaver/api/spi/package-info.java;aether-weaver-api/src/main/java/de/splatgames/aether/weaver/api/spi/WeaverPlugin.java;aether-weaver-api/src/main/java/de/splatgames/aether/weaver/api/spi/PluginContext.java;aether-weaver-api/src/main/java/de/splatgames/aether/weaver/api/spi/WeaverApi.java		
P-lifecycle	plugins	20	plugins/plugin-lifecycle.topic	explain	The plugin lifecycle	done	c223721	aether-weaver-engine/src/main/java/de/splatgames/aether/weaver/engine/plugin/PluginLoader.java;aether-weaver-api/src/main/java/de/splatgames/aether/weaver/api/spi/PluginEvent.java;aether-weaver-api/src/main/java/de/splatgames/aether/weaver/api/spi/WeaverPlugin.java;aether-weaver-engine/src/main/java/de/splatgames/aether/weaver/engine/plugin/PluginRegistry.java		
P-namespaces	plugins	30	plugins/namespaces.topic	explain	Namespaces and identifiers	done	c223721	aether-weaver-api/src/main/java/de/splatgames/aether/weaver/api/spi/PluginId.java;aether-weaver-engine/src/main/java/de/splatgames/aether/weaver/engine/plugin/NamespacedRegistry.java;aether-weaver-api/src/main/java/de/splatgames/aether/weaver/api/spi/PluginContext.java;aether-weaver-api/src/main/java/de/splatgames/aether/weaver/api/spi/Alias.java		
P-reporting	plugins	40	plugins/reporting.topic	explain	Report rather than throw	done	6e8fdc1	aether-weaver-api/src/main/java/de/splatgames/aether/weaver/api/spi/Reporter.java;aether-weaver-api/src/main/java/de/splatgames/aether/weaver/api/spi/DiagnosticListener.java;aether-weaver-engine/src/main/java/de/splatgames/aether/weaver/engine/plugin/PluginLoader.java;aether-weaver-api/src/main/java/de/splatgames/aether/weaver/api/spi/WeavePolicy.java		
P-loading	plugins	50	plugins/loading-plugins.topic	explain	Loading and isolating plugins	done	6e8fdc1	aether-weaver-engine/src/main/java/de/splatgames/aether/weaver/engine/plugin/PluginLoader.java;aether-weaver-engine/src/main/java/de/splatgames/aether/weaver/engine/plugin/PluginIsolation.java;aether-weaver-engine/src/main/java/de/splatgames/aether/weaver/engine/plugin/PluginFilter.java;aether-weaver-engine/src/main/java/de/splatgames/aether/weaver/engine/WeaverBuilder.java		
P-write	plugins	60	plugins/write-a-plugin.topic	howto	Write a plugin	done	6e8fdc1	aether-weaver-api/src/main/java/de/splatgames/aether/weaver/api/spi/WeaverPlugin.java;aether-weaver-api/src/main/java/de/splatgames/aether/weaver/api/spi/PluginId.java;aether-weaver-api/src/main/java/de/splatgames/aether/weaver/api/spi/PluginContext.java;aether-weaver-engine/src/main/java/de/splatgames/aether/weaver/engine/inject/CorePlugin.java		Writing a plugin
P-point	plugins	70	plugins/contribute-an-injection-point.topic	howto	Contribute an injection point	done	661f4e6	aether-weaver-api/src/main/java/de/splatgames/aether/weaver/api/spi/InjectionPointFactory.java;aether-weaver-api/src/main/java/de/splatgames/aether/weaver/api/spi/InjectionPoint.java;aether-weaver-api/src/main/java/de/splatgames/aether/weaver/api/spi/Site.java;aether-weaver-engine/src/main/java/de/splatgames/aether/weaver/engine/inject/point/BuiltInPoints.java	P-write	
P-injector	plugins	80	plugins/contribute-an-injector.topic	howto	Contribute an injector	done	661f4e6	aether-weaver-api/src/main/java/de/splatgames/aether/weaver/api/spi/InjectorFactory.java;aether-weaver-api/src/main/java/de/splatgames/aether/weaver/api/spi/Injector.java;aether-weaver-api/src/main/java/de/splatgames/aether/weaver/api/spi/InjectionContext.java;aether-weaver-api/src/main/java/de/splatgames/aether/weaver/api/spi/HandlerBinding.java	P-write	
P-spi	plugins	90	plugins/spi.topic	reference	The plugin SPI	done	661f4e6	aether-weaver-api/src/main/java/de/splatgames/aether/weaver/api/spi/package-info.java;aether-weaver-api/src/main/java/de/splatgames/aether/weaver/api/spi/		SPI
H-plugins	plugins	999	plugins/plugins.topic	hub	Extending the engine	done	94481b3			
C-discovery	concepts	15	concepts/weave-discovery.topic	explain	How a weave is found	done	05f98e9	aether-weaver-runtime/src/main/java/de/splatgames/aether/weaver/runtime/WeaveDiscovery.java;aether-weaver-runtime/src/main/java/de/splatgames/aether/weaver/runtime/ManifestWeaveSource.java;aether-weaver-maven-plugin/src/main/java/de/splatgames/aether/weaver/maven/ClassDirectory.java;aether-weaver-api/src/main/java/de/splatgames/aether/weaver/api/manifest/WeaveManifest.java;aether-weaver-processor/src/main/java/de/splatgames/aether/weaver/processor/ManifestEmitter.java		
